<?xml version="1.0" encoding="UTF-8"?>
<project-private xmlns="http://www.netbeans.org/ns/project-private/1">
    <editor-bookmarks xmlns="http://www.netbeans.org/ns/editor-bookmarks/2" lastBookmarkId="0"/>
    <open-files xmlns="http://www.netbeans.org/ns/projectui-open-files/2">
        <group>
            <file>file:/C:/Users/Lenovo/Documents/NetBeansProjects/LongestPeriod/src/longestperiod/LongestPairUI.java</file>
            <file>file:/C:/Users/Lenovo/Documents/NetBeansProjects/LongestPeriod/src/longestperiod/LongestPair.java</file>
            <file>file:/C:/Users/Lenovo/Documents/NetBeansProjects/LongestPeriod/src/longestperiod/TeamWork.java</file>
            <file>file:/C:/Users/Lenovo/Documents/NetBeansProjects/LongestPeriod/src/longestperiod/WorkData.java</file>
        </group>
    </open-files>
</project-private>
